Altium Designer Pick and Place Locations
C:\Users\podonoghue\Documents\Development\CPLD_Programmer\Hardware\Project Outputs for CPLD_Programmer\Pick Place for CPLD_Programmer-SMT.csv

========================================================================================================================
File Design Information:

Date:       19/12/19
Time:       22:42
Revision:   Not in VersionControl
Variant:    No variations
Units used: mm

"Designator","Comment","Layer","Footprint","Center-X(mm)","Center-Y(mm)","Rotation","Description"
"R11","0R","TopLayer","CR1608-0603_N","22.8600","2.5908","270","Resistor SMT 0603"
"C1","100nF","TopLayer","CCNP1608-0603_N","6.0452","-2.6670","360","Capacitor non-polar SMT 0603"
"C13","100nF","TopLayer","CCNP1608-0603_N","16.5100","-8.2804","360","Capacitor non-polar SMT 0603"
"C8","100nF","TopLayer","CCNP1608-0603_N","9.3726","-0.7620","360","Capacitor non-polar SMT 0603"
"C7","100nF","TopLayer","CCNP1608-0603_N","9.3726","5.2070","360","Capacitor non-polar SMT 0603"
"C9","100nF","TopLayer","CCNP1608-0603_N","9.3726","-2.6670","360","Capacitor non-polar SMT 0603"
"RN1","100R","TopLayer","CR1206-0603_X4_L","21.6408","7.2136","270","SMT x4 Resistor Array"
"R10","10K","TopLayer","CR1608-0603_N","22.8600","-0.7112","90","Resistor SMT 0603"
"Y1","16 MHz","TopLayer","Crystal_SMD_3.2x2.5","19.7866","-7.5184","360","Crystal SMD 3.2 x 2.5 x 0.7 mm"
"R12","1K","TopLayer","CR1608-0603_N","9.3726","7.7470","360","Resistor SMT 0603"
"R7","1K","TopLayer","CR1608-0603_N","9.3726","6.4770","360","Resistor SMT 0603"
"C6","2.2uF","TopLayer","CCNP1608-0603_N","9.3726","3.9370","360","Capacitor non-polar SMT 0603"
"R1","330R","TopLayer","CR1608-0603_N","9.3726","2.5146","360","Resistor SMT 0603"
"R2","330R","TopLayer","CR1608-0603_N","9.3726","1.3970","360","Resistor SMT 0603"
"R4","5.1K","TopLayer","CR1608-0603_N","2.5400","7.4930","360","Resistor SMT 0603"
"R3","5.1K","TopLayer","CR1608-0603_N","2.5400","6.0960","360","Resistor SMT 0603"
"J2","Header, 6-Pin","BottomLayer","SAMTEC-SMH-106-02-X-S","16.7259","0.0000","270","Header, 6-Pin"
"D2","LED Green","TopLayer","LED1608-0603-GREEN_N","6.8072","7.7470","360","LED 0603 Green"
"D1","LED Red","TopLayer","LED1608-0603-RED_N","6.8072","6.4770","360","LED 0603 Red"
"U5","MK20DX128VLF5","TopLayer","TSQFP50P900X900-48M","16.4846","0.0635","270","Arm Cortex M4"
"Z2","PRTR5V0U4D,125","TopLayer","SOT457_N","16.4846","7.2136","360","Ultra low capacitance quadruple rail-to-rail ESD protection"
"Z1","PRTR5V0U4D,125","TopLayer","SOT457_N","6.0960","0.0000","360","Ultra low capacitance quadruple rail-to-rail ESD protection"
"TP1","TP","TopLayer","TP","-0.0508","-7.9502","0","Test Point"
"J1","USB4085-GF-A","TopLayer","USB4085-GF-A","1.0744","0.0000","0","USB-C, USB 2.0 Receptacle Connector 16 Position Through Hole, Right Angle"
